{
	"credit": "Made with Blockbench",
	"parent": "block/block",
	"textures": {
		"particle": "block/purpur_block",
		"casing": "block/purpur_block",
		"glass": "block/glass"
	},
	"elements": [
		{
			"name": "Top",
			"from": [
				0,
				12,
				0
			],
			"to": [
				16,
				16,
				16
			],
			"shade": false,
			"faces": {
				"north": {
					"uv": [
						0,
						0,
						16,
						4
					],
					"texture": "#casing",
					"cullface": "north"
				},
				"east": {
					"uv": [
						0,
						0,
						16,
						4
					],
					"texture": "#casing",
					"cullface": "east"
				},
				"south": {
					"uv": [
						0,
						0,
						16,
						4
					],
					"texture": "#casing",
					"cullface": "south"
				},
				"west": {
					"uv": [
						0,
						0,
						16,
						4
					],
					"texture": "#casing",
					"cullface": "west"
				},
				"up": {
					"uv": [
						0,
						0,
						16,
						16
					],
					"texture": "#casing",
					"cullface": "up"
				},
				"down": {
					"uv": [
						0,
						0,
						16,
						16
					],
					"texture": "#casing"
				}
			}
		},
		{
			"name": "Bottom",
			"from": [
				0,
				0,
				0
			],
			"to": [
				16,
				5,
				16
			],
			"shade": false,
			"faces": {
				"north": {
					"uv": [
						0,
						11,
						16,
						16
					],
					"texture": "#casing",
					"cullface": "north"
				},
				"east": {
					"uv": [
						0,
						11,
						16,
						16
					],
					"texture": "#casing",
					"cullface": "east"
				},
				"south": {
					"uv": [
						0,
						11,
						16,
						16
					],
					"texture": "#casing",
					"cullface": "south"
				},
				"west": {
					"uv": [
						0,
						11,
						16,
						16
					],
					"texture": "#casing",
					"cullface": "west"
				},
				"up": {
					"uv": [
						0,
						0,
						16,
						16
					],
					"texture": "#casing"
				},
				"down": {
					"uv": [
						0,
						0,
						16,
						16
					],
					"texture": "#casing",
					"cullface": "down"
				}
			}
		},
		{
			"name": "GlassExt",
			"from": [
				0,
				5,
				0
			],
			"to": [
				16,
				12,
				16
			],
			"faces": {
				"north": {
					"uv": [
						0,
						5,
						16,
						12
					],
					"texture": "#glass",
					"cullface": "north"
				},
				"east": {
					"uv": [
						0,
						5,
						16,
						12
					],
					"texture": "#glass",
					"cullface": "east"
				},
				"south": {
					"uv": [
						0,
						5,
						16,
						12
					],
					"texture": "#glass",
					"cullface": "south"
				},
				"west": {
					"uv": [
						0,
						5,
						16,
						12
					],
					"texture": "#glass",
					"cullface": "west"
				}
			}
		},
		{
			"name": "GlassInt",
			"from": [
				15,
				5,
				15
			],
			"to": [
				1,
				12,
				1
			],
			"faces": {
				"north": {
					"uv": [
						15,
						5,
						1,
						12
					],
					"texture": "#glass",
					"cullface": "north"
				},
				"east": {
					"uv": [
						15,
						5,
						1,
						12
					],
					"texture": "#glass",
					"cullface": "east"
				},
				"south": {
					"uv": [
						15,
						5,
						1,
						12
					],
					"texture": "#glass",
					"cullface": "south"
				},
				"west": {
					"uv": [
						15,
						5,
						1,
						12
					],
					"texture": "#glass",
					"cullface": "west"
				}
			}
		}
	],
	"display": {
		"thirdperson_righthand": {
			"rotation": [
				75,
				0,
				0
			],
			"translation": [
				0,
				2.5,
				0
			],
			"scale": [
				0.375,
				0.375,
				0.375
			]
		},
		"thirdperson_lefthand": {
			"rotation": [
				75,
				0,
				0
			],
			"translation": [
				0,
				2.5,
				0
			],
			"scale": [
				0.375,
				0.375,
				0.375
			]
		},
		"firstperson_righthand": {
			"rotation": [
				-10,
				-35,
				0
			],
			"translation": [
				0,
				2.5,
				0
			],
			"scale": [
				0.4,
				0.4,
				0.4
			]
		},
		"firstperson_lefthand": {
			"rotation": [
				-10,
				-35,
				0
			],
			"translation": [
				0,
				2.5,
				0
			],
			"scale": [
				0.4,
				0.4,
				0.4
			]
		},
		"ground": {
			"scale": [
				0.25,
				0.25,
				0.25
			]
		},
		"gui": {
			"rotation": [
				30,
				135,
				0
			],
			"scale": [
				0.625,
				0.625,
				0.625
			]
		},
		"fixed": {
			"translation": [
				0,
				0,
				1.5
			],
			"scale": [
				0.9,
				0.9,
				0.9
			]
		}
	}
}
