{
  "block_properties": {
    "material": "heavy_metal",
    "strength": 2.0,
    "harvest_tool": "pickaxe",
    "harvest_level": 1,
    "requires_correct_tool_for_drops": false,
    "no_occlusion": true,
    "no_collission": false,
    "light_level": 0
  },
  "render_type": "cutout",
  "produced_item": "minecraft:sand",
  "produced_per_operation": 1,
  "max_produced": -1,
  "ticks_per_operation": 40,
  "keep_inventory": true,
  "auto_output": true,
  "fe_info": {
    "uses_forge_energy": false,
    "fe_used_per_tick": 30,
    "fe_capacity": 10000,
    "fe_transfer_rate": 130
  },
  "block_item": {
    "stack_size": 64,
    "rarity": "COMMON"
  },
  "propagates_sky_light": true,
  "tile_entity_renderer": {
    "uses_default_renderer": true,
    "translation": [
      0.5,
      0.4,
      0.5
    ],
    "scale": 0.8
  }
}